../songs/Budweiser Hometown Blues.mp3,ENERGETIC|OPTIMISTIC
../songs/Seize the Day Blues.mp3,NOSTALGIC|ENERGETIC|JOYFUL
../songs/Mommy Renee Good.mp3,CALM|PEACEFUL|GRIEF
../songs/Sick of It (NoKings XXX).mp3,ENERGETIC
../songs/The Scream I Buried.mp3,ANGRY|ENERGETIC
../songs/Night Drive Nostalgia.mp3,SAD|GRIEF
../songs/Ashes Between Us.mp3,SAD|FOCUSED|CALM|STRESSED
../songs/After Midnight Walk.mp3,FOCUSED|CALM
../songs/The Positive Motivationa Corporate.mp3,OPTIMISTIC|HAPPY
../songs/Uplifting.mp3,OPTIMISTIC|HAPPY
../songs/Retro Days.mp3,HAPPY|ENERGETIC|JOYFUL
../songs/Seem To Hide.mp3,CALM|PEACEFUL|NOSTALGIC|GRIEF
../songs/Synthetic.mp3,ENERGETIC|ANGRY
../songs/Vortex.mp3,ENERGETIC
../songs/Goodbye Jazz.mp3,CALM|OPTIMISTIC|PEACEFUL
../songs/Apologies.mp3,SAD|FOCUSED|GRIEF